{
  "Brunei": {
    "precision": 0.9705882352941176,
    "recall": 0.9166666666666666,
    "f1-score": 0.9428571428571428,
    "support": 36.0
  },
  "Filipina": {
    "precision": 0.972972972972973,
    "recall": 1.0,
    "f1-score": 0.9863013698630136,
    "support": 36.0
  },
  "Indonesia": {
    "precision": 0.9428571428571428,
    "recall": 0.9166666666666666,
    "f1-score": 0.9295774647887324,
    "support": 36.0
  },
  "Kamboja": {
    "precision": 0.9428571428571428,
    "recall": 0.9166666666666666,
    "f1-score": 0.9295774647887324,
    "support": 36.0
  },
  "Laos": {
    "precision": 0.9722222222222222,
    "recall": 0.9722222222222222,
    "f1-score": 0.9722222222222222,
    "support": 36.0
  },
  "Malaysia": {
    "precision": 0.972972972972973,
    "recall": 1.0,
    "f1-score": 0.9863013698630136,
    "support": 36.0
  },
  "Myanmar": {
    "precision": 0.9428571428571428,
    "recall": 0.9166666666666666,
    "f1-score": 0.9295774647887324,
    "support": 36.0
  },
  "Singapura": {
    "precision": 0.9722222222222222,
    "recall": 0.9722222222222222,
    "f1-score": 0.9722222222222222,
    "support": 36.0
  },
  "Thailand": {
    "precision": 0.9393939393939394,
    "recall": 0.8611111111111112,
    "f1-score": 0.8985507246376812,
    "support": 36.0
  },
  "Vietnam": {
    "precision": 0.8571428571428571,
    "recall": 1.0,
    "f1-score": 0.9230769230769231,
    "support": 36.0
  },
  "accuracy": 0.9472222222222222,
  "macro avg": {
    "precision": 0.9486086850792734,
    "recall": 0.9472222222222222,
    "f1-score": 0.9470264369108417,
    "support": 360.0
  },
  "weighted avg": {
    "precision": 0.9486086850792734,
    "recall": 0.9472222222222222,
    "f1-score": 0.9470264369108415,
    "support": 360.0
  }
}