{
  "Brunei": {
    "precision": 0.8055555555555556,
    "recall": 0.8055555555555556,
    "f1-score": 0.8055555555555556,
    "support": 36.0
  },
  "Filipina": {
    "precision": 0.8055555555555556,
    "recall": 0.8055555555555556,
    "f1-score": 0.8055555555555556,
    "support": 36.0
  },
  "Indonesia": {
    "precision": 0.717948717948718,
    "recall": 0.7777777777777778,
    "f1-score": 0.7466666666666667,
    "support": 36.0
  },
  "Kamboja": {
    "precision": 0.9090909090909091,
    "recall": 0.8333333333333334,
    "f1-score": 0.8695652173913043,
    "support": 36.0
  },
  "Laos": {
    "precision": 0.918918918918919,
    "recall": 0.9444444444444444,
    "f1-score": 0.9315068493150684,
    "support": 36.0
  },
  "Malaysia": {
    "precision": 0.7586206896551724,
    "recall": 0.6111111111111112,
    "f1-score": 0.676923076923077,
    "support": 36.0
  },
  "Myanmar": {
    "precision": 0.75,
    "recall": 0.9166666666666666,
    "f1-score": 0.825,
    "support": 36.0
  },
  "Singapura": {
    "precision": 0.8108108108108109,
    "recall": 0.8333333333333334,
    "f1-score": 0.821917808219178,
    "support": 36.0
  },
  "Thailand": {
    "precision": 0.7714285714285715,
    "recall": 0.75,
    "f1-score": 0.7605633802816901,
    "support": 36.0
  },
  "Vietnam": {
    "precision": 0.7941176470588235,
    "recall": 0.75,
    "f1-score": 0.7714285714285715,
    "support": 36.0
  },
  "accuracy": 0.8027777777777778,
  "macro avg": {
    "precision": 0.8042047376023035,
    "recall": 0.8027777777777778,
    "f1-score": 0.8014682681336668,
    "support": 360.0
  },
  "weighted avg": {
    "precision": 0.8042047376023035,
    "recall": 0.8027777777777778,
    "f1-score": 0.8014682681336669,
    "support": 360.0
  }
}